Size,Sorted,Random,Reverse,Bubble,Selection,Insertion,Merge,Quick,Heap,Best
10,1,0,0,7.812070846557617e-06,9.37492847442627e-06,1.562666893005371e-06,2.187833786010742e-05,1.8746447563171386e-05,1.4722156524658204e-05,2
10,0,1,0,1.2500572204589843e-05,6.25154972076416e-06,4.687571525573731e-06,2.1874523162841798e-05,7.813215255737305e-06,1.2498664855957032e-05,2
10,0,0,1,1.2500238418579102e-05,6.250071525573731e-06,9.374785423278809e-06,2.500026226043701e-05,1.2499475479125977e-05,1.4062666893005371e-05,1
20,1,0,0,2.1868896484375e-05,2.188248634338379e-05,6.248331069946289e-06,5.000152587890625e-05,4.374990463256836e-05,4.687428474426269e-05,2
20,0,1,0,3.4375429153442386e-05,2.1875476837158202e-05,1.25e-05,4.9999284744262694e-05,1.5624475479125976e-05,3.750028610229492e-05,2
20,0,0,1,4.687619209289551e-05,2.499203681945801e-05,3.1257438659667966e-05,4.9999475479125975e-05,4.862370491027832e-05,3.0689430236816406e-05,1
30,1,0,0,4.521683819688121e-05,3.988450259515698e-05,9.13294092012961e-06,7.667886291650405e-05,9.724223288265106e-05,6.863801213953183e-05,2
30,0,1,0,7.06600992664574e-05,4.520203092239156e-05,3.77903104794122e-05,7.450670012832582e-05,2.762200486863872e-05,7.02241788281001e-05,4
30,0,0,1,9.43630406207735e-05,3.743164538621831e-05,7.911505300005098e-05,8.283268035513269e-05,6.463682905460956e-05,5.179062427574545e-05,1
40,1,0,0,8.171405792236329e-05,6.53752326965332e-05,7.35158920288086e-06,0.00010007171630859375,0.0002075857162475586,9.795570373535156e-05,2
40,0,1,0,0.00012266702651977539,6.153888702392578e-05,7.759666442871094e-05,0.0001265782356262207,5.318136215209961e-05,0.00012249860763549803,4
40,0,0,1,0.0002300490379333496,8.564033508300781e-05,0.0001514333724975586,0.00015623292922973633,0.00013543844223022462,0.0001021200180053711,1
50,1,0,0,0.0001417931318283081,0.00012625408172607422,1.0125517845153808e-05,0.0001891593933105469,0.0004579178094863892,0.00021095311641693116,2
50,0,1,0,0.0002656080722808838,0.00014032459259033202,0.00014844000339508056,0.00020314013957977296,7.810783386230469e-05,0.0002031421661376953,4
50,0,0,1,0.0003437322378158569,0.00011720681190490723,0.00021873128414154054,0.00018751680850982667,0.00017187750339508058,0.00011718475818634034,5
60,1,0,0,0.00015944020659411227,0.00015944464295422758,9.372168514622645e-06,0.00020633310544676856,0.000412663921159284,0.00026258457751691987,2
60,0,1,0,0.00038455199508392223,0.00015943863240181326,0.00013130337965874827,0.0002157102827550698,8.440862039701135e-05,0.0001688165252520686,4
60,0,0,1,0.00037514891515688306,0.00015943848929342246,0.00032826088198951455,0.0002532038224988482,0.0003751523497582627,0.00020633153125446956,1
70,1,0,0,0.0002407461655240099,0.0001860114038825369,1.0941208911543132e-05,0.00024072279115350975,0.00044861878333639365,0.00021883419581821987,2
70,0,1,0,0.00039390672822626365,0.0001969554511104979,0.00031729021660086156,0.00038298922760479924,0.00013130368972692836,0.00024069758022532742,4
70,0,0,1,0.0005908601758192901,0.0002336482040020598,0.0006565154433584347,0.00043767590482695766,0.00042675322845202535,0.00021883786893358418,5
80,1,0,0,0.00031250152587890625,0.0002374969482421875,1.2505531311035156e-05,0.00026249847412109374,0.0006374988555908203,0.0002624971389770508,2
80,0,1,0,0.0004874727249145508,0.00030003013610839844,0.00023749942779541016,0.0002749673843383789,0.0001125274658203125,0.00027500209808349607,4
80,0,0,1,0.0006875038146972656,0.00027499942779541015,0.0004891805648803711,0.0002750034332275391,0.0003999980926513672,0.0001999979019165039,5
90,1,0,0,0.0003375361139553286,0.00032346920319015546,1.4062189605190987e-05,0.0003094072281831455,0.0007172592259225923,0.00032346705720834535,2
90,0,1,0,0.0006469396939693969,0.00030941130554858464,0.0003234636236374492,0.00030941323693221373,0.00011250695916149232,0.00029533988822161023,4
90,0,0,1,0.0009422877369218856,0.0003093990734522671,0.00065154475633568,0.0002953366692488951,0.0005062954797066621,0.000253147096058788,5
100,1,0,0,0.00040625333786010743,0.0003750021457672119,1.562356948852539e-05,0.0003437504768371582,0.0009687442779541016,0.00032812952995300295,2
100,0,1,0,0.0007187120914459228,0.00037503957748413085,0.0003906230926513672,0.0003593697547912598,0.00010937952995300293,0.0003124980926513672,4
100,0,0,1,0.0010312490463256837,0.00037500190734863283,0.0007687261104583741,0.0003124980926513672,0.0006249938011169434,0.00031250643730163576,3
110,1,0,0,0.00048130075267963806,0.0004469141839492177,1.718764520189812e-05,0.00036097359735973595,0.0012032458491057845,0.00037816176713496543,2
110,0,1,0,0.000945412286437384,0.0004640693056045717,0.0004641490407509379,0.00039535570721683984,0.00015465811927719872,0.00044696139554903976,4
110,0,0,1,0.0012720016756466905,0.00045032338602970406,0.0012547773103115975,0.0004469092005025698,0.0009970221713562347,0.00041253731982542736,5
120,1,0,0,0.0007690624887345074,0.0006377124557403528,1.8756644350855578e-05,0.0005064900754308071,0.0018381972272856896,0.0005440088022513693,2
120,0,1,0,0.0016186606554853386,0.0007127905521644694,0.0008628365515517731,0.0006002040327239294,0.00024384095602962864,0.0005627651603854432,4
120,0,0,1,0.0020070608351983373,0.0006189941644382362,0.001425564503755604,0.0005627302419380838,0.0011066946805882998,0.0004688943562959852,5
130,1,0,0,0.0008174005813499421,0.0005486110717019427,2.0314875132705827e-05,0.00048765094444562615,0.0017270254375720674,0.0006705167544678687,2
130,0,1,0,0.0015645802253554484,0.0005892386517072065,0.0007111434043616405,0.0005079729504331035,0.0002844572377297906,0.000548555885086754,4
130,0,0,1,0.0028039711504515806,0.0006705505485187426,0.0013003966278155542,0.00042668709674334183,0.0012597045600801823,0.000508014805450241,3
140,1,0,0,0.0009847689075630252,0.0006783419296521099,4.3770512279008285e-05,0.0005689745857602074,0.0022103085237390853,0.0007221615281091685,2
140,0,1,0,0.001553758853623847,0.0007002764389294537,0.0007659266976749196,0.0005252110857923492,0.00017507169760909734,0.00045950539639683997,4
140,0,0,1,0.002341614717862853,0.0007002911313909109,0.0015318547310281534,0.0005033296697279986,0.0012035970928288308,0.000393911570060153,5
150,1,0,0,0.0010557436012290978,0.000873254226134704,3.090993062153951e-05,0.0005846990121377481,0.0018967189588346282,0.0004960828357272678,2
150,0,1,0,0.0015146087955784154,0.0006738922617456934,0.0008334880834585196,0.0005672067493289798,0.00018847060275149416,0.0005219322783094985,4
150,0,0,1,0.002248955202532244,0.0007010025305074972,0.00158921519557277,0.00047889414492312135,0.0011455375511009057,0.00040464787869840056,5
160,1,0,0,0.0010956439971923828,0.00100006103515625,2.5000381469726563e-05,0.0005999935150146484,0.0023500030517578127,0.0006250030517578125,2
160,0,1,0,0.0018500038146972656,0.0009499881744384766,0.0010000076293945313,0.0006000041961669922,0.0002499923706054688,0.0005935787200927735,4
160,0,0,1,0.0026499961853027345,0.0008750263214111328,0.0019499767303466796,0.0006,0.001999935150146484,0.00062506103515625,3
170,1,0,0,0.0019397796416769223,0.0013020788731218196,5.314504208207941e-05,0.0009352248542162837,0.002683948091909188,0.000664327420344969,2
170,0,1,0,0.0027074152920521844,0.0013020784676480456,0.001381744332864982,0.0007175340944406938,0.0002657292651481369,0.0005846031669045792,4
170,0,0,1,0.003330321133542223,0.001514618899546513,0.0024182001749674478,0.0007174169125200129,0.0018070405032359013,0.0006908835196981624,5
180,1,0,0,0.0016892063725102056,0.0011542685397036441,2.8159596898534278e-05,0.0006475251000206749,0.0034909875543267877,0.0009009047671481295,2
180,0,1,0,0.0025337820654516823,0.001013503633103929,0.0011542891596888637,0.0007319802636498804,0.0002815332498636332,0.0006192971994211008,4
180,0,0,1,0.00354730545937478,0.0011543398504858617,0.0025819507805076806,0.0006193693693693693,0.0018862522400177276,0.0006193672214542423,5
190,1,0,0,0.001455554490760252,0.0012179277695630439,2.9626454690563362e-05,0.000683293596419998,0.0030893576915726464,0.0007426253743044777,2
190,0,1,0,0.002465553610043834,0.0012476113359284492,0.0012832191053905415,0.0007129354621974234,0.00035646886426686335,0.0008019721100085589,4
190,0,0,1,0.004010287074535065,0.0013961497368468077,0.002940828809266761,0.000683223793261858,0.0021684822474142443,0.0006238077076668975,5
200,1,0,0,0.0018235392570495606,0.0013437504768371582,6.250905990600586e-05,0.0007187395095825196,0.0035312457084655763,0.0008437724113464355,2
200,0,1,0,0.003031235694885254,0.0012812414169311524,0.002187432289123535,0.0008124938011169434,0.00034383058547973635,0.0007187461853027343,4
200,0,0,1,0.004312504768371582,0.001375,0.003156250476837158,0.000781247615814209,0.0023125009536743165,0.0007187490463256836,5
210,1,0,0,0.001706856138565961,0.0017725860371309169,6.565276314230526e-05,0.0009520189100954713,0.005087969182920055,0.001083244796560592,2
210,0,1,0,0.005219275710963402,0.002166495603673598,0.002461850643157959,0.0011056140691292386,0.0004267351967947824,0.0009847598917344037,4
210,0,0,1,0.005842899074073599,0.001838285882933801,0.0046940736409996735,0.0009191161444207199,0.0028061631346951014,0.0006893342282591748,5
220,1,0,0,0.0021338173996509435,0.002271388595849932,0.00010331086650293829,0.0010324243932043403,0.004088498947378822,0.0010589277166627052,2
220,0,1,0,0.004135028906330663,0.0015648755733137089,0.0016048201380322157,0.0008695314634213888,0.0003162307361149053,0.0008067029163175743,4
220,0,0,1,0.005300389512520005,0.0014945578470104066,0.005097678579422871,0.0008259875133699257,0.002768886772021323,0.0008603218893647719,3
230,1,0,0,0.0020882281290221325,0.0017281100497267762,3.6018235342843195e-05,0.0008280293732744208,0.004788313593183245,0.0009720633106846963,2
230,0,1,0,0.00439228769820956,0.0017747044013941891,0.0021961361581828735,0.0009000537582256827,0.0003240427113897789,0.0008640327761250157,4
230,0,0,1,0.005616368785981209,0.0019081199224094093,0.0042482652971821445,0.0008280628837198706,0.0029708196490591024,0.0007200548725743447,5
240,1,0,0,0.002591554935161884,0.0018780896296867956,3.746896982192993e-05,0.0009015724062919617,0.005408620031980367,0.0010515972971916199,2
240,0,1,0,0.004056574633488288,0.0016901951569777268,0.002028253789131458,0.0009765567687841562,0.0003379606283628024,0.0012771292374684261,4
240,0,0,1,0.007436808485251207,0.002366400108887599,0.006738865031645848,0.0025165373316177954,0.006911139648694258,0.0011267043077028715,5
250,1,0,0,0.0035156279802322386,0.003455154299736023,7.8125e-05,0.0015625083446502686,0.007499995231628418,0.0016406267881393433,2
250,0,1,0,0.0069140571355819705,0.0032498490810394286,0.003711026906967163,0.001132814884185791,0.0006249183416366577,0.001601550579071045,4
250,0,0,1,0.008710981607437133,0.0028617340326309204,0.006406332850456237,0.001210947036743164,0.004843655824661255,0.0010156995058059693,5
260,1,0,0,0.0034585886945327124,0.0028890843192736306,4.0603180726369224e-05,0.0012614739437898,0.007934501394629478,0.0014242200801769893,2
260,0,1,0,0.006266197810570399,0.0028483979403972626,0.003295816481113434,0.0012613882621129353,0.000610365221897761,0.0015056064973274867,4
260,0,0,1,0.008829666922489801,0.0032145846635103226,0.007000063235561053,0.0011800142625967662,0.005126960575580597,0.0012206081300973892,3
270,1,0,0,0.003927440256685824,0.0028715520291715054,8.44878119391364e-05,0.0015202328965470597,0.010947209435540277,0.0019002740447585647,2
270,0,1,0,0.009712815284729004,0.003852602597829458,0.004687596011806179,0.001773570679329537,0.0008446867401535447,0.0018158674240112305,4
270,0,0,1,0.012119932432432432,0.0033783854664982977,0.008825935544194401,0.0015202509390341268,0.005870031021736764,0.0016469555932122307,3
280,1,0,0,0.005470848217063925,0.003764085075100597,8.753568184475939e-05,0.0014880959059343953,0.010460450869648396,0.0018819934513722482,2
280,0,1,0,0.00827195597629921,0.0032389050438290552,0.004026593280439617,0.0013567139120662913,0.0006566127809155889,0.0016193029259433266,4
280,0,0,1,0.011860898896759632,0.003501383864245161,0.008709844087018352,0.0013566831914650626,0.005864843267018721,0.0013568114165832348,3
290,1,0,0,0.004542131756627282,0.00377008457516515,9.085549864658089e-05,0.0013626432696054148,0.009992736023525859,0.001816861158193544,2
290,0,1,0,0.010901065066803333,0.004086465336555658,0.004405905340993127,0.002043879309365916,0.0008175657239071158,0.0019532338131305785,4
290,0,0,1,0.013808078544084416,0.004769244859384936,0.009583914695784103,0.0014534745105477267,0.006313702394795972,0.0018622708875079487,3
300,1,0,0,0.005489758901051931,0.0040352953088892115,4.695700453566359e-05,0.0017360817562710414,0.0106981903225094,0.0017723235282096062,2
300,0,1,0,0.008774498203495244,0.003659809673870648,0.004739200746690905,0.0014545981948440138,0.0005629742825711454,0.0015015931458802552,4
300,0,0,1,0.012387282855517871,0.00478606968670636,0.00905600396004525,0.0014076469180820225,0.0068505891450532565,0.001501421312670092,3
310,1,0,0,0.005386348836910651,0.004173026321837621,4.863887099745851e-05,0.001358696392604283,0.011063666077134032,0.0016982703475478273,2
310,0,1,0,0.009656444099378882,0.005095092406184037,0.007569988321813738,0.002280680289179642,0.0007762894126939477,0.001795413331215426,4
310,0,0,1,0.017498763451665084,0.005871397367915752,0.013926734095034391,0.001795395560886549,0.0075932326524154,0.001504269445905034,5
320,1,0,0,0.007462056783529429,0.005709128502087715,0.00010004868874183067,0.00175283276117765,0.013371474467791043,0.0019530004415756618,2
320,0,1,0,0.012250383694966635,0.004557206844672179,0.006510519828551855,0.001852957866130731,0.0006008507349552253,0.0022036509636120917,4
320,0,0,1,0.014796107243268918,0.005158367829445081,0.010216222359583927,0.0018029029552753156,0.00796284889563536,0.001802850992251665,5
330,1,0,0,0.005724049243989951,0.005053619346996345,0.00015470139657703562,0.0017531893827734213,0.011912231791530899,0.001804757039539098,2
330,0,1,0,0.014232648087806828,0.005105249952561785,0.006291326516532268,0.0024752782122923595,0.0011343971730852285,0.002011201562661149,4
330,0,0,1,0.01732671064118741,0.005208232615253713,0.012943610893224333,0.002165711752258905,0.008766491420985055,0.0018048679867986798,5
340,1,0,0,0.006271262558139101,0.005527319551325169,5.314869134604525e-05,0.0017005667394521286,0.013603509688863948,0.002072846808401095,2
340,0,1,0,0.012542479703215514,0.005102058657172586,0.006430570771094082,0.0017538313962975327,0.0010099240711757115,0.0019663888580945072,4
340,0,0,1,0.0170066972979072,0.006005625335537657,0.012648693558310165,0.001913268549912641,0.008769255106140968,0.0020195383603881004,3
350,1,0,0,0.006469314976742393,0.004824452651174445,0.00010975034613358348,0.0018092197284363864,0.017543786032158032,0.002521881304289165,2
350,0,1,0,0.01622818478366785,0.006969700361552991,0.008662294923213491,0.002357548161556846,0.001315667336447197,0.002521966633043791,4
350,0,0,1,0.020230241407427872,0.008552759572079308,0.014418845427663703,0.0021380290650484853,0.009813600674010159,0.0023574778908177427,3
360,1,0,0,0.008630444426829203,0.007050948022505006,5.640363865380683e-05,0.0022000379941093363,0.01534297061741137,0.0021998873686532253,2
360,0,1,0,0.013177445649239991,0.005922695359598429,0.006543378967670758,0.0019179345898679878,0.0006769133819139391,0.0021433881904243993,4
360,0,0,1,0.01810693138342902,0.0064869710254324905,0.014271159464701848,0.002820428097721472,0.012635377339938057,0.002425524301907646,5
370,1,0,0,0.008107642774228697,0.00798607314074481,5.7899510418927226e-05,0.0021990572964703595,0.017419097158643933,0.002025325210006149,2
370,0,1,0,0.015509255727132161,0.007581045009471752,0.007560652273672599,0.00277764532301161,0.000636575840137623,0.0023148236451325595,4
370,0,0,1,0.019238960301434554,0.006712964729026512,0.014757004490605108,0.0017362064785427518,0.010705893128006547,0.001967678246674714,3
380,1,0,0,0.008376938308599783,0.007010354741897873,5.941699212948179e-05,0.0021387170929419224,0.01675384216888776,0.0020793390817968565,2
380,0,1,0,0.014733843930320595,0.006594714103089539,0.007842056651532424,0.0020793762497122296,0.0010099809885931559,0.0022576344783768456,4
380,0,0,1,0.026165749183625776,0.008436426010421928,0.02067480250456487,0.002495227204529505,0.014377496088412324,0.0018858329424839963,5
390,1,0,0,0.010192729532718658,0.007873661816120148,6.090756505727768e-05,0.001892094500362873,0.01928724627941847,0.00244126096367836,2
390,0,1,0,0.01837174315005541,0.008046573027968407,0.00830076914280653,0.0022583305835723877,0.0007932828739285469,0.002197285182774067,4
390,0,0,1,0.022301817312836647,0.0071409596130251884,0.016174464486539364,0.0016478048637509346,0.012451292015612125,0.00219742301851511,3
400,1,0,0,0.008375033378601075,0.007562457084655761,6.250286102294922e-05,0.002249919891357422,0.02231247329711914,0.0024374561309814455,2
400,0,1,0,0.01856876087188721,0.007312503814697266,0.010687493324279785,0.0020625038146972656,0.0011250276565551757,0.0023750019073486327,4
400,0,0,1,0.026875035285949707,0.009687596321105958,0.01956234073638916,0.002000136375427246,0.013374875068664551,0.0018126630783081054,5
410,1,0,0,0.009773482020499775,0.008253359500272775,6.430629840113008e-05,0.0018004331078548981,0.020511819501963173,0.002121901806489921,2
410,0,1,0,0.01748956966792605,0.007973395257329744,0.010738157931669259,0.002250529120488422,0.0010931275999595108,0.0026363001929389108,4
410,0,0,1,0.027327522819424854,0.01106198530628848,0.022505159731264466,0.0026363158912815674,0.01781125814335827,0.0027005623397513183,3
420,1,0,0,0.011357804306414948,0.008331045383164863,0.0001969567867888122,0.0030856242700785146,0.023503241418790417,0.0022976558749415294,2
420,0,1,0,0.01890770727846803,0.00912551419073794,0.009311525761580267,0.002232147865936536,0.00078778707680582,0.0021008844135188254,4
420,0,0,1,0.02544057769935672,0.008994237715456667,0.01890770727846803,0.0023634543939798818,0.014350198897994867,0.00229776807191993,5
430,1,0,0,0.010102392270647246,0.008418645324378178,0.00013468183320144127,0.0024917711471689158,0.025390689742976223,0.0026940652008714348,2
430,0,1,0,0.021742818684413516,0.011381878935057542,0.010910533625504067,0.002963515191242613,0.0012794763877474029,0.003636996293890065,4
430,0,0,1,0.027815096337219763,0.009428852591021308,0.019876929192707456,0.002693841169620382,0.015422928949882245,0.0022898799386517755,5
440,1,0,0,0.010806727514393004,0.008604068588055179,0.0001377859829806021,0.0023403440803158124,0.022370413011391258,0.002822283606172133,2
440,0,1,0,0.02140679233399782,0.009499065676449679,0.00991189007191931,0.002546642320271631,0.0008261749922966642,0.002546629716646304,4
440,0,0,1,0.03372123588024257,0.013766556584362417,0.026569421070787875,0.0028910395332370034,0.017758725498216266,0.00245987266170821,5
450,1,0,0,0.014569256756756757,0.009079561577186928,0.00014076361785063873,0.0023224826331611154,0.027801227999163104,0.0032376394615517006,2
450,0,1,0,0.02306492908580883,0.009924007965637758,0.012316984099310797,0.002956109003977733,0.0009152051564809439,0.002631318461787593,4
450,0,0,1,0.02906807800671002,0.010205514796145327,0.022311380317619256,0.0023931490408407676,0.017525208962930215,0.003307992273622805,3
460,1,0,0,0.014329089547082575,0.01177358297708397,0.00014415864021547379,0.003384238563924341,0.029881919034615092,0.0026641749017249604,2
460,0,1,0,0.023401320804648684,0.01130471581138224,0.010872841980050786,0.0031682027649769587,0.0012240970189670265,0.0033842198859711397,4
460,0,0,1,0.031549607553789695,0.010440658314436812,0.023545534380020633,0.0025921373323361447,0.016705257002659107,0.0026641463354435935,3
470,1,0,0,0.013340220136462518,0.009581378046071754,0.00014740453576141932,0.003095416527874065,0.027048885822296143,0.003095522241772346,2
470,0,1,0,0.029369209172590723,0.014519529522589917,0.016877952611671306,0.003316735321620725,0.0013266655634034355,0.0031692228227291467,4
470,0,0,1,0.03346104554410251,0.012234857622182594,0.020857899818780286,0.0020635015559646317,0.01637647624285716,0.001916292703376626,5
480,1,0,0,0.011568500445439266,0.009164654291593112,7.514540965740498e-05,0.001980027327170739,0.02088342377772698,0.002629196414580712,2
480,0,1,0,0.019269712842427768,0.00871391135912675,0.011418116780427786,0.002704321191861079,0.0010516872772803674,0.002478982393558209,4
480,0,0,1,0.025465901081378643,0.008789047598838806,0.02231013889496143,0.0029298777763660136,0.015324518084526062,0.002695474487084609,5
490,1,0,0,0.01298131545384725,0.008884636794819552,0.00030637839261223287,0.003370061808941411,0.02415940574571198,0.002374374398998186,2
490,0,1,0,0.023131102907891367,0.009037978508893181,0.011296420705084707,0.0020680345740972782,0.0010723015841315774,0.0020680041874156277,4
490,0,0,1,0.027526840275409175,0.00980392156862745,0.020450345441406847,0.002068036911534328,0.015624984806659175,0.0020680345740972782,5
500,1,0,0,0.010703104734420776,0.009296902418136598,7.811546325683593e-05,0.0021875011920928955,0.02343750238418579,0.002421891689300537,2
500,0,1,0,0.021171867847442627,0.009140589237213136,0.012109380960464478,0.0030468797683715822,0.001484222412109375,0.0028126919269561767,4
500,0,0,1,0.04042574524879455,0.0133139169216156,0.026015454530715944,0.0025781309604644776,0.016978635787963867,0.002656271457672119,3
510,1,0,0,0.014588793929742307,0.011479606433790557,0.0001594156635050871,0.002471309535357417,0.02718431973943905,0.002551008243950046,2
510,0,1,0,0.02175814034987469,0.009885223544373805,0.01267540454864502,0.002391545140013403,0.0008767502648489815,0.0023915791998104174,4
510,0,0,1,0.03101105957615132,0.010204074334125129,0.02121345364317602,0.002152447797814194,0.017139602680595552,0.0025843430538566746,3
520,1,0,0,0.014160344998041788,0.009847031285365423,8.138269186019897e-05,0.0023598348100980124,0.029423252989848454,0.003173773487408956,2
520,0,1,0,0.0255903626481692,0.010660632203022638,0.012776896357536316,0.0023600185910860696,0.000976548840602239,0.0023598534365495047,4
520,0,0,1,0.032678402960300446,0.010172511140505472,0.022088420887788136,0.0023600111405054727,0.016682955125967663,0.0020345027248064675,5
530,1,0,0,0.011968092715486567,0.009973401718951285,0.00016628174071616316,0.002244028639286122,0.026928101448302575,0.0024933713547726894,2
530,0,1,0,0.0234375202909429,0.010638272508661797,0.012217435430973134,0.0025764450113824073,0.0009973619846587486,0.0024102152662074314,4
530,0,0,1,0.04263356518238149,0.013131415590326836,0.02904351214145092,0.00224401722563074,0.021110373608609463,0.0022440184938146714,3
540,1,0,0,0.015793881545195707,0.012077734921429608,8.448007944467906e-05,0.002364830068639807,0.030658800537521774,0.0027025016578468117,2
540,0,1,0,0.025338029861450194,0.011001912967578785,0.012246611311629012,0.0026182509757377006,0.0010135019147718275,0.002449341078062315,4
540,0,0,1,0.035770135312467005,0.012331123609800597,0.02449318267203666,0.002449105236981366,0.018665541829289617,0.002111706862578521,5
550,1,0,0,0.017869301263798668,0.012430883902871148,0.00017265325093137625,0.0024173286079701797,0.032174414692662696,0.004143851896675911,2
550,0,1,0,0.029091829753053782,0.011912986059873803,0.01328680396738632,0.002589804032889519,0.0011222441552093674,0.0023308129600398447,4
550,0,0,1,0.03626251088980153,0.012258293878966273,0.024906585229694515,0.0020718469145548277,0.02192677318720528,0.0031075530289286406,3
560,1,0,0,0.0184823020120685,0.012289557564124632,8.778357773684384e-05,0.0025456125816602387,0.029143282536710245,0.003072340836685695,2
560,0,1,0,0.025625970926177636,0.011499395531215024,0.019926435492011937,0.004037716415490997,0.001580096362681871,0.0034234336252962605,4
560,0,0,1,0.04822555150878563,0.014529579141166774,0.03195224853044146,0.002545660801148147,0.021857496058003287,0.0025454210431388254,5
570,1,0,0,0.017768051964896066,0.01337843894958496,0.0001785687037876674,0.0025892925262451173,0.029107161930629184,0.0027305235181535993,2
570,0,1,0,0.02776786940438407,0.012142859867640904,0.014196412222726005,0.0025000149863106864,0.000982137407575335,0.0026783602578299387,4
570,0,0,1,0.03901806150163923,0.013392861230032785,0.030757530757359097,0.002856942585536412,0.02348210334777832,0.0033930724007742745,3
580,1,0,0,0.016305068204569263,0.014625758625740228,0.00018168050189350926,0.0029069878334222836,0.03438574214314306,0.0030887487322785135,2
580,0,1,0,0.029342234134674072,0.012767999671226325,0.014444061489992364,0.0027253031730651855,0.001180920489998751,0.003088644770688789,4
580,0,0,1,0.04065352539683497,0.013444846452668656,0.027888724970263103,0.0029069822888041653,0.02343744732612787,0.002452756083288858,5
590,1,0,0,0.015440112740330442,0.013128442877143093,0.000277392257600141,0.002681403470462596,0.03619511169794749,0.0046227852973712265,2
590,0,1,0,0.043683987397413984,0.016087073546189528,0.01994044964130108,0.002866114385029268,0.0009245477484528129,0.002865905592427451,4
590,0,0,1,0.048583967445870124,0.015440071828266573,0.03127970921217337,0.0024038362785203924,0.023021411613599788,0.002588787022426989,3
600,1,0,0,0.016988579049167864,0.013083587209862399,0.0001882329044571842,0.0032941979098032757,0.03335473336369158,0.0032002954597932748,2
600,0,1,0,0.03369729777416551,0.013271805751754576,0.01684868192098227,0.0033885298005069593,0.001506039895207049,0.0035768259002501705,4
600,0,0,1,0.050339443137846794,0.017458414456930506,0.03336385071995747,0.0029178412563829535,0.02400228776127459,0.002353119562907391,5
610,1,0,0,0.017733892780140134,0.014326600209335608,9.583402996414278e-05,0.0027796841837877144,0.035217896560949785,0.002971587736913763,2
610,0,1,0,0.03383795030277931,0.014187369609902974,0.01850075663233096,0.0027799094381507922,0.0012461641814811098,0.0027799079754601227,4
610,0,0,1,0.04591639934141943,0.01476226262519696,0.03923998581119842,0.0031633596478795713,0.030510881927115787,0.004601219680411684,3
620,1,0,0,0.02377735309719299,0.016548589149617262,9.704228513729498e-05,0.0028144513598139984,0.03992767215515516,0.0038819624030071755,2
620,0,1,0,0.03823779680714104,0.016632727214268277,0.015916374159155425,0.0029114862406475943,0.001164591830709706,0.0026203445766283117,4
620,0,0,1,0.04681205157167423,0.015334083426813161,0.032746748894638154,0.002717404632094484,0.023827493560980566,0.002620343095767572,5
630,1,0,0,0.017800646492197543,0.016317224200767807,0.0001975494095041782,0.00356011601943004,0.040447244161291966,0.0032634282413917253,2
630,0,1,0,0.040739709817910495,0.01700969285602811,0.020215837261344814,0.0026701190803624405,0.0013844740541675423,0.0034612417221069336,4
630,0,0,1,0.047713949710507936,0.01572389391404164,0.033655907534345796,0.0027690190303174757,0.02482172507274,0.002670351463028147,5
640,1,0,0,0.019831730769230768,0.01632609581335997,0.00020032509779318786,0.002904667304112361,0.036758818687536776,0.0030045509338378906,2
640,0,1,0,0.03705952717707707,0.021133815630888328,0.024590955330775335,0.004707509126418676,0.002103162117493458,0.004607597986857097,4
640,0,0,1,0.06294267758344993,0.018830119035182856,0.040765467362526134,0.002904647435897436,0.02664261445021018,0.003004798522362342,3
650,1,0,0,0.018586598190606807,0.016461576511657316,0.00030637254901960784,0.0031658216239580142,0.03788834615470537,0.003165851231493981,2
650,0,1,0,0.0389093137254902,0.015931341383192275,0.017644481721267202,0.0030637005575342114,0.001327645544912301,0.002961595074024076,4
650,0,0,1,0.06035515529657501,0.017055029962577073,0.04133675924313614,0.0028594817990571066,0.02873663341297823,0.0026549778732598995,5
660,1,0,0,0.02028175221373703,0.01886943791875776,0.00020696311597003054,0.0032077988251945043,0.041080279066073186,0.0033112772253175446,2
660,0,1,0,0.03769931098483256,0.016556357705829947,0.021419624619136584,0.0030008499196033604,0.0012416981703398243,0.0033112614360076703,4
660,0,0,1,0.05701573795040712,0.01665976031726559,0.05052327478168816,0.0038286486998299098,0.036690961446193666,0.004035635499764752,3
670,1,0,0,0.024788808502606896,0.02160207857221565,0.00020973314374885302,0.0031462531761835087,0.04997040121347312,0.0035654362416107383,2
670,0,1,0,0.04344865779748699,0.016988255033557047,0.01902502015133032,0.0031459571531154964,0.0013632678345545826,0.0031459683539883402,4
670,0,0,1,0.05404345941223554,0.0183515084669894,0.03670299133198373,0.0027263020509041397,0.03187916742875272,0.003355752701727336,3
680,1,0,0,0.024207553085015744,0.01923892287169995,0.00010631197974795387,0.002975901778863401,0.05027661031606246,0.003507648195539202,2
680,0,1,0,0.04332945135985913,0.017751104977666115,0.019804829642886206,0.0032950712710010763,0.0013817994772982434,0.0032950664053157885,4
680,0,0,1,0.05615713807190357,0.017644525385227334,0.038934350824680455,0.0026573259003308354,0.031887732395509474,0.0029762326454629705,3
690,1,0,0,0.023111969232559204,0.01757787499162886,0.0002170122332043118,0.0032554351621203953,0.0582430362701416,0.004592739873462253,2
690,0,1,0,0.0534939169883728,0.020329677396350436,0.022569189469019573,0.004449023140801324,0.001735897527800666,0.004014934102694194,4
690,0,0,1,0.07570280300246345,0.018880190120802984,0.04279750751124488,0.00292973882622189,0.030739380253685847,0.003038186166021559,3
700,1,0,0,0.022887323943661973,0.017935816670807316,0.00010997476712079115,0.0030809741624644106,0.05094606943533454,0.004511668648518307,2
700,0,1,0,0.05037202633602519,0.021428484312245543,0.02442781690140845,0.0036311586138228296,0.0012103906819518184,0.0031910160897483286,4
700,0,0,1,0.06286953704457887,0.019085563404459348,0.04269365525581467,0.0034108648837452202,0.033450962791980156,0.003080980878480723,5
710,1,0,0,0.02399555274418422,0.01972572292600359,0.00022321087973458425,0.003236612251826695,0.047706963334764756,0.003906277247837611,2
710,0,1,0,0.048822987079620364,0.02555802719933646,0.033075548921312606,0.0044645190238952635,0.0016740645681108748,0.0046872649874006,4
710,0,0,1,0.07069051606314523,0.021651811259133475,0.050669653075081963,0.003236041750226702,0.0325896041733878,0.0033481734139578683,3
720,1,0,0,0.024683005567910015,0.019470765970755314,0.00022646309672922328,0.0030570980431377025,0.049479161483654076,0.0032835525015126104,2
720,0,1,0,0.061696410179138184,0.024343297101449276,0.02547553311223569,0.004302551780921825,0.0019247981085293534,0.005321604618127795,4
720,0,0,1,0.07718945931697237,0.021509564441183338,0.041533012321029884,0.0031205070191535397,0.032403572745945144,0.0029438941375069,5
730,1,0,0,0.02424167710192063,0.019531281555400175,0.00022976012790904324,0.0029871148221633013,0.05113031408366035,0.003791342763339772,2
730,0,1,0,0.05107421734753777,0.02424174196579877,0.0327433540540583,0.00522921365850112,0.002527515677844777,0.005629860302981208,4
730,0,0,1,0.08586723138304318,0.02209999631432926,0.05342401125851799,0.0037285317392910227,0.03802849089398103,0.00367626197197858,5
740,1,0,0,0.026886177062988282,0.01967564865394875,0.00011602331090856481,0.003587975325407805,0.056175673449480976,0.004629634927820276,2
740,0,1,0,0.05096347243697555,0.021065104449236833,0.023782790148699724,0.003819447976571542,0.001736042234632704,0.004448415614940502,4
740,0,0,1,0.08107548819647895,0.04452362413759585,0.059303774657072844,0.003356776414094148,0.034883107079399955,0.0032407442728678384,5
750,1,0,0,0.025375929093898686,0.020794169347089036,0.0001174883734911008,0.004229013184855755,0.0536100201140669,0.0036419262563375603,2
750,0,1,0,0.053571426778807676,0.02019529772880382,0.02443607409197585,0.003524425334500191,0.0014097798139529121,0.0035244307123628773,4
750,0,0,1,0.09241195549642232,0.027725581835983393,0.05771752586938385,0.0041120661828750954,0.04205825992096636,0.003289453965380676,5
760,1,0,0,0.029341650373153103,0.021330949914364416,0.00023856417823383825,0.0033396527967380204,0.05137337073114992,0.0039104614549010765,2
760,0,1,0,0.05143538868154278,0.021230848690935673,0.025644076689509035,0.0036972333456723743,0.0017890857376215111,0.0035131396228120526,4
760,0,0,1,0.08794472963755368,0.027313953137579765,0.054201211638123026,0.003458969465648855,0.03780982330555224,0.004294169768122316,3
770,1,0,0,0.02761628461438556,0.021872677544290706,0.00024189690286798994,0.0036339926165203716,0.057822872501935144,0.003876259160596271,2
770,0,1,0,0.051356282345084256,0.021923747173575467,0.025799407515414926,0.0037548763807429826,0.0014531741770663002,0.004118497981581577,4
770,0,0,1,0.08867520324943602,0.029472321502922116,0.06165225930916247,0.004638106323951899,0.042566927828530006,0.0037367214528165123,5
780,1,0,0,0.029502829536795616,0.025841061025857925,0.0002441350370645523,0.0035400334745645523,0.053950974717736244,0.0040283203125,2
780,0,1,0,0.05546362325549126,0.0220947265625,0.026855409145355225,0.0040283482521772385,0.0014648735523223877,0.00415036641061306,4
780,0,0,1,0.0843348577618599,0.02908821403980255,0.06279175914824009,0.004272473976016045,0.04223632998764515,0.0035400111228227615,5
790,1,0,0,0.03000993766481914,0.022941479607233927,0.000247985597640749,0.003968270998152476,0.0540354951979622,0.004092286503504193,2
790,0,1,0,0.05741564622001043,0.02215756310356988,0.02963786276559981,0.004092297856769864,0.00161210506681412,0.004092360299731057,4
790,0,0,1,0.08297013290344722,0.02943273006923615,0.06828621644822377,0.00396796635219029,0.044718880502004475,0.0035796070855761333,5
800,1,0,0,0.03177641677856445,0.025145864486694335,0.00016436004638671874,0.005275438308715821,0.062185726165771484,0.004000003814697266,2
800,0,1,0,0.05779084777832031,0.023749963760375976,0.0284999942779541,0.0038750419616699217,0.0016250782012939453,0.003874591827392578,4
800,0,0,1,0.08812531661987305,0.028141201019287108,0.0696815071105957,0.00437492561340332,0.041750289916992187,0.0037499942779541016,5
810,1,0,0,0.031844311613377516,0.024390271039513068,0.00012702670523790808,0.004065034835319209,0.05868881698546371,0.004319068862170708,2
810,0,1,0,0.06059447148951089,0.023738552884357732,0.029725640769896467,0.0035569260760051446,0.001651432456039801,0.004319097937607184,4
810,0,0,1,0.0938606921250258,0.03404446733676321,0.06864686903914785,0.0038109562261317803,0.04653947333979413,0.0050810255655428255,3
820,1,0,0,0.03529075354583992,0.028021708007686396,0.0002582664332113975,0.0037447874211082774,0.0629372163252397,0.004519624158370593,2
820,0,1,0,0.06034701520746404,0.025051574076502776,0.030604307316551525,0.0037448347107438018,0.0020658437870750743,0.004390801279998023,4
820,0,0,1,0.0986569380957233,0.030505016815563862,0.06430786897328274,0.00490702479338843,0.041789013492174384,0.0034865288695028005,5
830,1,0,0,0.033333325386047365,0.024782127141952513,0.00026036898295084634,0.0035156488418579103,0.06223925550778707,0.004948316017786661,2
830,0,1,0,0.06361683408419291,0.025390164057413737,0.03125031391779582,0.003906285762786866,0.0015621483325958252,0.004167018334070841,4
830,0,0,1,0.10556481083234151,0.035349496205647785,0.07087551156679789,0.0035160183906555176,0.050650964180628456,0.004427107175191244,3
840,1,0,0,0.03584556218956699,0.026866373895597057,0.0002626010349818638,0.003939095665426815,0.0639955436482149,0.004726870721127807,2
840,0,1,0,0.06433822728004776,0.025604013635330842,0.03269430569240025,0.004595367848372259,0.0023636256947236903,0.006302565085787733,4
840,0,0,1,0.10201346173005946,0.03155518579883736,0.06358937455826447,0.0036764866163750656,0.043855046023841666,0.003545160053157005,5
850,1,0,0,0.03476578557593191,0.026976532406277128,0.00013354293301574185,0.004006063836252588,0.06597254826472355,0.004540667574629825,2
850,0,1,0,0.06677346555595724,0.028579014998215895,0.039128971914959766,0.005876103018084143,0.003339007369473449,0.005608911188239725,4
850,0,0,1,0.11545011732313368,0.03222448194128835,0.0741182575877915,0.00427349612244174,0.0484778453142215,0.004200248636751093,5
860,1,0,0,0.03623427193740319,0.02707435755894102,0.00013465511387792127,0.0041753773031563595,0.06971349387333312,0.00475828400973616,2
860,0,1,0,0.07179418514514792,0.032719048960455535,0.2721148153831219,0.033000171184539795,0.010843026226964491,0.02384113854375379,4
860,0,0,1,0.1609278362372826,0.1226300391657599,0.10466548286635301,0.0033674486752214104,0.04135240563030901,0.003501820153203504,3
870,1,0,0,0.13650868440929212,0.08236638495796605,0.0003645294591000206,0.008024964416236208,0.06380278185794228,0.0038202101724189625,2
870,0,1,0,0.155721060016699,0.02672664951859859,0.03166151255892034,0.015417981566044322,0.008086574705023514,0.02001053617711653,4
870,0,0,1,0.1843673262679786,0.026315812478985703,0.18680388049075478,0.010005915374086615,0.07189125763742547,0.0037006453463905736,5
880,1,0,0,0.0330475727013782,0.07398859589500764,0.0007574853643906855,0.016842443331152993,0.0888789206479503,0.00553069916446652,2
880,0,1,0,0.1729218411234628,0.04609957838480452,0.028993237335070046,0.0036431667024055415,0.0016259661817972638,0.0036514860338869347,4
880,0,0,1,0.20377484465067366,0.048534169661260285,0.0635922904563161,0.004148514924851139,0.12072564859305863,0.012029822948759636,3
890,1,0,0,0.07756685784884862,0.027343666979244778,0.00013952808720724924,0.003824900303568159,0.06710385424750191,0.01259731182030269,2
890,0,1,0,0.19383380029882705,0.02840572382722582,0.03404052555561066,0.00446425804070064,0.001674070954322815,0.0037668879543031964,4
890,0,0,1,0.22532926499843597,0.027537533215114048,0.14279584160872869,0.012415826320648193,0.08593785337039403,0.003487659352166312,5
900,1,0,0,0.034842130300161,0.028575398900487402,0.00014074428661449537,0.003659598462216489,0.22838634843224878,0.009431426589553421,2
900,0,1,0,0.10289083944784629,0.1078654280653945,0.03156339585244119,0.0038243414045454147,0.0014772544036040435,0.003718550140793259,4
900,0,0,1,0.22644269788587415,0.030809681694786827,0.07024216007541965,0.02521153398462244,0.182178359847885,0.009009009009009009,5
910,1,0,0,0.04497860987252052,0.02637574432093069,0.00014334643652679725,0.00450022504964006,0.15888816938487763,0.005160524210798631,2
910,0,1,0,0.14120051838936062,0.0834107486479873,0.04544140220782079,0.004443544860279888,0.0020071738356844003,0.004097111728213249,4
910,0,0,1,0.22384292051332808,0.0786563278338231,0.07309805800061707,0.012471831172978112,0.09664126054956279,0.0034404129063317535,5
920,1,0,0,0.05399297343360053,0.07823786249867191,0.00028939379586113826,0.007957067754533555,0.08261157185943038,0.004384709729088677,2
920,0,1,0,0.17698238955603707,0.028067507125713206,0.03689238760206434,0.01149543567940041,0.007378428070633499,0.017505700941439026,4
920,0,0,1,0.1781341654283029,0.1090462428552133,0.09317121461585716,0.004050930341084798,0.12628991957064029,0.008969808066332782,3
930,1,0,0,0.053592265209304955,0.030665482316061716,0.00014607482981459003,0.004088773905673874,0.17597162166488506,0.004672892739839643,2
930,0,1,0,0.0685730894035268,0.1277732871403204,0.07067737623909924,0.003942716901547441,0.0017523453614422095,0.004672897196261682,4
930,0,0,1,0.11823694728245245,0.12036620790713301,0.07038555412648995,0.0039427013040703035,0.14789565255708784,0.0039430489049893675,3
940,1,0,0,0.038325458202721936,0.028744169001309376,0.0001473944142179669,0.003979896599391721,0.19100601943034046,0.004864283327786428,2
940,0,1,0,0.16672739667712516,0.03752741273844017,0.036042406873882944,0.005530404594709289,0.0016214127810496204,0.0044221765590163895,4
940,0,0,1,0.20288471230920754,0.030217771260243543,0.17888728177772378,0.00427520050192779,0.05100227751821842,0.004569516991669277,3
950,1,0,0,0.14534200713748024,0.029910712015061153,0.00029763494219098774,0.004017852601550874,0.16634765352521624,0.012053971063523065,2
950,0,1,0,0.078866670245216,0.04924491700671968,0.12033089683169411,0.0049106961204892115,0.0016369388217017764,0.004613067990257626,4
950,0,0,1,0.21588898386274066,0.031398741404215495,0.15617443039303736,0.011755886532011487,0.07157761937096005,0.0040178571428571425,5
960,1,0,0,0.040642768144607544,0.13015915338809675,0.0004506111145019531,0.009915931866719173,0.07950802720510043,0.004274510420285738,2
960,0,1,0,0.17862286705237168,0.030498823294272788,0.06793871751198402,0.028245673729823187,0.017784049877753623,0.019380532778226413,4
960,0,0,1,0.1444397522852971,0.11121886051618136,0.08278233729876004,0.004507245925756602,0.15555065411787766,0.006910979747772217,3
970,1,0,0,0.04323415617340977,0.031824903580748916,0.00019919756546761227,0.0036830531740651546,0.1779686617619783,0.004854366617295348,2
970,0,1,0,0.1564971590505063,0.05916247784512714,0.03944172905486764,0.004551091240447702,0.0016685967306488926,0.004247517261690307,4
970,0,0,1,0.2077855438862032,0.03276693010793149,0.18382284016285128,0.0042475658713035215,0.052487838615491555,0.003944190960485958,5
980,1,0,0,0.15104633219101848,0.034619894682192336,0.00015315588782815372,0.004136036424075856,0.17678359443066166,0.016237268260881014,2
980,0,1,0,0.08900151065751619,0.11534161894929175,0.06495087520748961,0.004901953772002575,0.001991421568627451,0.0044425585690666645,4
980,0,0,1,0.22636785927940817,0.03599877450980392,0.1828528268664491,0.004442483771081064,0.056066132059284284,0.003982808075699152,5
990,1,0,0,0.12518723176257446,0.054300355439138887,0.00030974114295279624,0.004950145683666267,0.116301956743297,0.02923930045401696,2
990,0,1,0,0.12688328724096318,0.03295122750914923,0.14382184614049326,0.010365330346740118,0.002011183464881217,0.00433170205295676,4
990,0,0,1,0.21199296488620267,0.043618221094112584,0.10246435250386153,0.016398746188324275,0.11977669744208308,0.0041770297701996155,5
1000,1,0,0,0.04406252384185791,0.08095932483673096,0.0017187929153442384,0.036462757587432865,0.11218737125396729,0.004687447547912598,2
1000,0,1,0,0.19162029266357422,0.03296875238418579,0.042979893684387205,0.01375016450881958,0.005781140327453613,0.015468838214874268,4
1000,0,0,1,0.15770438194274902,0.031747045516967776,0.2502197265625,0.01286902666091919,0.06921849250793458,0.0040984654426574705,5
1100,1,0,0,0.05208294921451145,0.07661826875474718,0.0012152221467759874,0.00813058747185601,0.12131493356492784,0.009028389718797472,2
1100,0,1,0,0.14427062935299342,0.04859975443945991,0.06620558632744683,0.007117626402113173,0.002951746516757541,0.006597280502319336,4
1100,0,0,1,0.16924805641174318,0.04461807674831814,0.09704859521653918,0.004861116409301758,0.07552083333333333,0.005381962988111708,3
1200,1,0,0,0.07035815572164145,0.06775172934474716,0.00037654623927840266,0.006588838186608739,0.17129665972238564,0.011078340461455196,2
1200,0,1,0,0.14961604037916804,0.07153613883328724,0.06852402744523015,0.005648084433681993,0.0026355536587267035,0.005835849118519978,4
1200,0,0,1,0.20693223447684783,0.06794697405344033,0.16867506360433188,0.006023671253617987,0.09243273735046387,0.006024021700204137,3
1300,1,0,0,0.078171243793086,0.08182617551402042,0.00020553563770494963,0.008634796268061587,0.2254667784038343,0.008635229186007851,2
1300,0,1,0,0.17701485909913717,0.06623926601911846,0.08215045301537764,0.007812493725826866,0.0030834361126548366,0.007401849094190095,4
1300,0,0,1,0.2672482352507742,0.08984388803180895,0.17424966787037097,0.006578950505507619,0.10712747511110808,0.0069903041187085605,3
1400,1,0,0,0.10425542106091136,0.07700972825708524,0.0004402281532824879,0.007701987951574191,0.3032995747848296,0.019146610313737895,2
1400,0,1,0,0.24820260598625934,0.08670731329582107,0.12402748054182025,0.00877819598560602,0.003081100087770274,0.009022840311829473,4
1400,0,0,1,0.34548249714811086,0.09727137189515879,0.1782216723536102,0.00726234409171091,0.15643456284428986,0.007262323943661972,5
1500,1,0,0,0.1480171824946548,0.15978484442739777,0.0004954518693866152,0.01563494855707342,0.30495135350660846,0.012311115409388687,2
1500,0,1,0,0.24715124838279956,0.08877853191260135,0.1345323540947654,0.00899571722204035,0.004498084386189778,0.01018048416484486,4
1500,0,0,1,0.3987047816767837,0.1417719234119762,0.23383460261605002,0.006628816778009588,0.21821466720465457,0.01680791016780969,3
1600,1,0,0,0.19808465434658912,0.13665840318126063,0.00025192383796938006,0.009829267378776305,0.292583869349572,0.01008064131582937,2
1600,0,1,0,0.3808491845284739,0.1425677268735824,0.1660567214412074,0.012348225039820518,0.005040322580645161,0.013356797156795379,4
1600,0,0,1,0.4814260044405537,0.1344790227951542,0.3389720339928904,0.011844527336858934,0.20211735848457582,0.012348113521452873,3
1700,1,0,0,0.17891637621254758,0.1685929092867621,0.0005243153407655913,0.012810296025769463,0.4673758827406785,0.010237019637535358,2
1700,0,1,0,0.31921793674600535,0.13556854478244124,0.1646364845078567,0.012122236449142983,0.005657344028867525,0.014278695501130203,4
1700,0,0,1,0.7192360491588198,0.17044148773982606,0.36870202113842143,0.011583455677690178,0.2638201508028754,0.009159404655982709,5
1800,1,0,0,0.17164815989407625,0.16988635930148038,0.0002840302207253196,0.011647848649458451,0.37390861944718795,0.010252306678078391,2
1800,0,1,0,0.35105361504988236,0.12081269784407182,0.17017113945700907,0.015056956898082386,0.004829402403397994,0.016852365840565074,4
1800,0,0,1,0.6581766128540039,0.16685296405445446,0.35904955430464314,0.009882259368896484,0.26309982213107025,0.009375069358132102,5
1900,1,0,0,0.19964622075741106,0.14560629312808698,0.0006009569534888634,0.010516946132366475,0.4350002362177922,0.019832510214585524,2
1900,0,1,0,0.494959505704733,0.14975594557248628,0.17066218761297372,0.012883145075577956,0.005011365963862493,0.011270834849430965,4
1900,0,0,1,0.6158756017684937,0.16075680347589347,0.37868398886460525,0.01051767055804913,0.38733938107123744,0.02952701311845046,3
2000,1,0,0,0.2517122459411621,0.18456533432006836,0.00031246185302734374,0.015624914169311523,0.4234896516799927,0.01281102180480957,2
2000,0,1,0,0.4573017501831055,0.16360779762268066,0.2220364284515381,0.011250805854797364,0.004375009536743164,0.012015304565429687,4
2000,0,0,1,0.6701434659957886,0.20114806175231933,0.44972838401794435,0.010312490463256836,0.2907672786712647,0.0187489652633667,3
2100,1,0,0,0.2879641614061721,0.19315221461843937,0.0006648682533426487,0.010637471016417158,0.4854181320109266,0.012819046669817985,2
2100,0,1,0,0.5735755271099984,0.1921533980268113,0.23915833615242166,0.0132978063948611,0.005318479335054438,0.013962801466596888,4
2100,0,0,1,0.7292408030083839,0.22426349558728806,0.44410130318174973,0.011967907560632584,0.29543838602431277,0.011968064815440077,3
2200,1,0,0,0.3931015650431315,0.22569502724541557,0.0003472805023193359,0.01944368150499132,0.5662932184007433,0.013542466693454318,2
2200,0,1,0,0.5901710987091064,0.23050938182406955,0.26311508814493817,0.015189282099405925,0.006250196033053928,0.016666523615519204,4
2200,0,0,1,0.8696555031670464,0.24944189389546711,0.5003174357944065,0.014235395855373806,0.40574666659037273,0.019098170598347983,3
2300,1,0,0,0.29047652732494267,0.21311163347820902,0.0007266887398653252,0.014898255813953489,0.6323853093524312,0.023255808408870253,2
2300,0,1,0,0.6474189148392788,0.19912819529688636,0.2617570854896723,0.01526160572850427,0.00799421931422034,0.014089833858401277,4
2300,0,0,1,0.9289702482001726,0.2518161285755246,0.6691505132719527,0.014171567074088164,0.40512686552003374,0.012354179870250613,5
2400,1,0,0,0.3003806544513237,0.22027440187407704,0.0007623172387844179,0.012576143916060285,0.6527080652190418,0.01410074350310535,2
2400,0,1,0,0.5759130163890559,0.42270224268843487,0.5387269869083311,0.021723305306783538,0.007621090586592511,0.019436097726589295,4
2400,0,0,1,1.0849740679671125,0.30386645619462177,0.8436331981565894,0.03086890243902439,0.6519729218831877,0.02286573735679068,5
2500,1,0,0,0.3989942491054535,0.24273006916046141,0.0007812678813934326,0.01328166127204895,0.7021463871002197,0.014453130960464477,2
2500,0,1,0,0.6111899077892303,0.24112441539764404,0.4237642228603363,0.014453095197677613,0.005859404802322388,0.014453041553497314,4
2500,0,0,1,0.9639611959457397,0.29753212332725526,0.6502896070480346,0.012890714406967162,0.39257816076278684,0.013281100988388061,3
2600,1,0,0,0.3893112759841116,0.33973028157886703,0.0008223495985332288,0.018503182812740927,0.7368081494381553,0.01644645239177503,2
2600,0,1,0,1.1886109364660162,0.29336263004102203,0.3514340363050762,0.01891456779680754,0.005344390869140625,0.015214744367097554,4
2600,0,0,1,1.2521991478769403,0.24888711854031212,0.6857744078887137,0.012335601605867086,0.5320073491648624,0.023427342113695647,3
2700,1,0,0,0.7198805615708634,0.32081065951166926,0.0006486660725361592,0.016081236504219675,0.8154168000092378,0.01827022191640493,2
2700,0,1,0,0.8188371078388111,0.3339848582809036,0.43275568291947647,0.02000094104457546,0.007324257412472287,0.020378222336640228,4
2700,0,0,1,1.448931616705817,0.3251612186431885,0.8732680952226793,0.01702813200048498,0.5682704126512682,0.02016224087895574,3
2800,1,0,0,0.5843429906027657,0.3680558953966413,0.0007427964891706194,0.02062990324837821,0.9192423616136823,0.027771309443882532,2
2800,0,1,0,1.0640571389879498,0.34948679379054476,0.4784846033368792,0.024457066399710518,0.007743801389421735,0.023370463507516044,4
2800,0,0,1,1.4022867134639194,0.3858279091971261,0.8596855231693813,0.015315212522234235,0.6384848322187151,0.025628362383161272,3
2900,1,0,0,0.6415894382140216,0.3603823745951933,0.0006764005212222829,0.016352085506214815,0.9213223387213314,0.022442312801585478,2
2900,0,1,0,0.8794999543358298,0.34972241345573873,0.5301774810342228,0.019411704119514015,0.0080869618584128,0.021530614179723403,4
2900,0,0,1,1.3510284704320572,0.4364092139636769,0.9860292673110962,0.015235571300282198,0.5560353363261503,0.017721884390887094,3
3000,1,0,0,0.5321978294488156,0.3446992455106793,0.00047339815081972063,0.015425414750070282,0.882848833546494,0.022727272727272728,2
3000,0,1,0,0.9335184169538093,0.3209485863194321,0.48043322563171387,0.0204040426196474,0.008181687557336056,0.020514704964377663,4
3000,0,0,1,2.0381406798507227,0.4661234508861195,1.11148367506085,0.026031486915819572,0.9616659771312367,0.027575724052660393,3
3100,1,0,0,0.610186256468296,0.5449674427509308,0.0018432438373565674,0.020063601434230804,1.2369674891233444,0.023876264691352844,2
3100,0,1,0,1.4440008476376534,0.4490012377500534,0.6919676661491394,0.026468150317668915,0.008907362818717957,0.024404942989349365,4
3100,0,0,1,1.661094918847084,0.45900001376867294,0.9358449429273605,0.018561244010925293,0.6632824242115021,0.01618771255016327,5
3200,1,0,0,0.5235503181334464,0.3929674240850633,0.0007097490372196321,0.016643870261407668,1.1418251068361345,0.020225686411703785,2
3200,0,1,0,1.0273228383833362,0.439934084492345,0.5759683424426664,0.02174133639181814,0.007904268080188383,0.020580776276126984,4
3200,0,0,1,1.7284827386179278,0.47125804039739794,1.1291614809343893,0.021678609232748707,0.7212576789240683,0.01683891204095656,5
3300,1,0,0,0.5887999057769775,0.5697985569636027,0.0010000228881835937,0.02830007076263428,1.321766765912374,0.02300124168395996,2
3300,0,1,0,1.2398666620254517,0.43856655756632484,0.559898575146993,0.026466679573059083,0.013299886385599773,0.022668115297953286,4
3300,0,0,1,1.8410672664642334,0.6444269418716431,1.2697664499282837,0.02513427734375,1.0404656728108723,0.03020010789235433,3
3400,1,0,0,0.6874837299873089,0.4999657828232338,0.0008276659866859173,0.017930959833079373,1.3247915711896172,0.020655138739224137,2
3400,0,1,0,1.4106898472226899,0.5900332927703857,0.5513456278833849,0.018930994231125403,0.007275778671790813,0.026722940905340786,4
3400,0,0,1,1.8611032058452737,0.5925532209462133,1.265241368063565,0.019206951404439992,0.9032752924952013,0.022102109317121834,3
3500,1,0,0,0.7511071392468044,0.46242914881025043,0.00099945068359375,0.019715845584869385,1.4228922128677368,0.032894091946738105,2
3500,0,1,0,1.3816413623946053,0.6105369755199977,0.6734271390097482,0.027142907891954695,0.010857130799974715,0.028357292924608504,4
3500,0,0,1,2.1111083115850175,0.49103717293058124,1.411320013659341,0.018429952008383616,0.9971076590674264,0.026180275848933628,3
3600,1,0,0,0.8775922987196181,0.5463332688366925,0.0008146144725658276,0.018963275132355868,1.4836283524831135,0.03562963450396502,2
3600,0,1,0,1.5183703987686723,0.5917406876881918,0.727038304011027,0.021222414793791593,0.009259215107670537,0.022592491573757596,4
3600,0,0,1,2.1307385939138905,0.5775554798267506,1.5365188739917897,0.02651852148550528,1.01522312340913,0.02755535090411151,3
3700,1,0,0,0.8980003197987875,0.5707390308380127,0.0008147999092384621,0.021964682473076716,1.645777667010272,0.024035480287339952,2
3700,0,1,0,1.5084443975377966,0.5049631772217927,0.6814457752086498,0.019962840610080294,0.008926064879805953,0.02259108755323622,4
3700,0,0,1,2.287889003753662,0.7229257866188332,1.5185959957264088,0.022889137268066406,1.3409498974129006,0.02159396807352702,5
3800,1,0,0,0.8267695170182449,0.6283447100565984,0.000999909180861253,0.031230532206021823,1.894576934667734,0.033501469171964206,2
3800,0,1,0,1.8620768510378325,0.5962296724319458,0.9266152198498065,0.03061526555281419,0.013730874428382287,0.03277053282811092,4
3800,0,0,1,2.5808470249176025,0.7118475987361028,1.655344477066627,0.027385849219102126,1.0473448129800649,0.034115186104407676,3
3900,1,0,0,1.0067219734191895,0.7025996017456054,0.0009599781036376953,0.022359952926635743,1.7158400154113769,0.024121694564819336,2
3900,0,1,0,1.8498095226287843,0.7434383678436279,0.7913213729858398,0.024200029373168945,0.009718446731567383,0.02323990821838379,4
3900,0,0,1,2.5137607860565185,0.7428801441192627,1.5627597522735597,0.026040010452270508,1.1488401889801025,0.033079404830932614,3
4000,1,0,0,1.0723201942443847,0.7744782543182374,0.0010400867462158202,0.03231987953186035,2.0150001144409178,0.04252004623413086,2
4000,0,1,0,1.9472803592681884,0.7563195419311524,1.0003999805450439,0.02880157470703125,0.0100799560546875,0.0338387393951416,4
4000,0,0,1,2.5401615047454835,0.6567183589935303,1.7358414363861083,0.030558462142944335,1.080721263885498,0.025078601837158203,5
